Registration No,Section
2019-CS-001,A
2019-CS-002,A
2019-CS-003,A
2019-CS-004,A
2019-CS-005,A
2019-CS-006,A
2019-CS-007,A
2019-CS-008,A
2019-CS-009,A
2019-CS-010,A
2019-CS-011,A
2019-CS-012,A
2019-CS-013,A
2019-CS-014,A
2019-CS-015,A
2019-CS-016,A
2019-CS-017,A
2019-CS-018,A
2019-CS-019,A
2019-CS-020,A
2019-CS-021,A
2019-CS-022,A
2019-CS-023,A
2019-CS-024,A
2019-CS-025,A
2019-CS-026,A
2019-CS-027,A
2019-CS-028,A
2019-CS-029,A
2019-CS-030,A
2019-CS-031,A
2019-CS-032,A
2019-CS-033,A
2019-CS-034,A
2019-CS-035,A
2019-CS-036,A
2019-CS-037,A
2019-CS-038,A
2019-CS-039,A
2019-CS-040,A
2019-CS-041,B
2019-CS-042,B
2019-CS-043,B
2019-CS-044,B
2019-CS-045,B
2019-CS-046,B
2019-CS-047,B
2019-CS-048,B
2019-CS-049,B
2019-CS-050,B
2019-CS-051,B
2019-CS-052,B
2019-CS-053,B
2019-CS-054,B
2019-CS-055,B
2019-CS-056,B
2019-CS-057,B
2019-CS-058,B
2019-CS-059,B
2019-CS-060,B
2019-CS-061,B
2019-CS-062,B
2019-CS-063,B
2019-CS-064,B
2019-CS-065,B
2019-CS-066,B
2019-CS-067,B
2019-CS-068,B
2019-CS-069,B
2019-CS-070,B
2019-CS-071,B
2019-CS-072,B
2019-CS-073,B
2019-CS-074,B
2019-CS-075,B
2019-CS-076,C
2019-CS-077,C
2019-CS-078,C
2019-CS-079,C
2019-CS-080,C
2019-CS-081,C
2019-CS-082,C
2019-CS-083,C
2019-CS-084,C
2019-CS-085,C
2019-CS-086,C
2019-CS-087,C
2019-CS-088,C
2019-CS-089,C
2019-CS-090,C
2019-CS-091,C
2019-CS-092,C
2019-CS-093,C
2019-CS-094,C
2019-CS-095,C
2019-CS-096,C
2019-CS-097,C
2019-CS-098,C
2019-CS-099,C
2019-CS-100,C
2019-CS-101,C
2019-CS-102,C
2019-CS-103,C
2019-CS-104,C
2019-CS-105,C
2019-CS-106,D
2019-CS-107,D
2019-CS-108,D
2019-CS-109,D
2019-CS-110,D
2019-CS-111,D
2019-CS-112,D
2019-CS-113,D
2019-CS-114,D
2019-CS-115,D
2019-CS-116,D
2019-CS-117,D
2019-CS-118,D
2019-CS-119,D
2019-CS-120,D
